{
  "by_n": {
    "n=0": {
      "n_test_clips": 4000,
      "n_folds": 10,
      "per_fold_best_acc": [
        94.25,
        93.25,
        92.25,
        92.25,
        91.0,
        93.25,
        94.5,
        92.25,
        93.0,
        92.5
      ],
      "mean_acc": 92.65,
      "ci95_lo": 91.825,
      "ci95_hi": 93.45,
      "fold_mean": 92.85,
      "fold_std": 0.982344135219425
    },
    "n=4": {
      "n_test_clips": 4000,
      "n_folds": 10,
      "per_fold_best_acc": [
        93.5,
        93.5,
        92.25,
        92.75,
        92.25,
        94.0,
        94.5,
        93.0,
        92.75,
        93.25
      ],
      "mean_acc": 93.125,
      "ci95_lo": 92.325,
      "ci95_hi": 93.89999999999999,
      "fold_mean": 93.175,
      "fold_std": 0.689655711206686
    }
  },
  "by_seed_n": {
    "seed=42,n=0": {
      "per_fold_best_acc": [
        94.25,
        93.25,
        92.25,
        92.25,
        91.0
      ],
      "mean": 92.6,
      "std": 1.0908712114635715,
      "n_folds": 5
    },
    "seed=42,n=4": {
      "per_fold_best_acc": [
        93.5,
        93.5,
        92.25,
        92.75,
        92.25
      ],
      "mean": 92.85,
      "std": 0.5612486080160912,
      "n_folds": 5
    },
    "seed=43,n=0": {
      "per_fold_best_acc": [
        93.25,
        94.5,
        92.25,
        93.0,
        92.5
      ],
      "mean": 93.1,
      "std": 0.7842193570679061,
      "n_folds": 5
    },
    "seed=43,n=4": {
      "per_fold_best_acc": [
        94.0,
        94.5,
        93.0,
        92.75,
        93.25
      ],
      "mean": 93.5,
      "std": 0.6519202405202649,
      "n_folds": 5
    }
  },
  "paired_test": {
    "a": "n=0",
    "b": "n=4",
    "delta_pp": 0.4749999940395355,
    "ci95_lo": -0.15000000596046448,
    "ci95_hi": 1.125,
    "p_two_sided": 0.1737,
    "p_one_sided": 0.086,
    "n_pairs": 4000
  },
  "n_boot": 10000,
  "seed": 42,
  "training_seeds": [
    42,
    43
  ]
}